Team,Odds,Year,,,,,,,,,,,,,
Kansas,900,2022,,1200,1200,1100,1000,1000,650,500,450,350,120,-385,** WINNER **
North Carolina,12500,2022,,Butler,6600,5000,8000,8000,6000,8000,5000,4000,1600,400,300
Duke,1400,2022,,West Virginia,1800,1600,2000,2000,2000,1000,900,850,850,250,
Villanova,1800,2022,,Michigan State,1500,1200,1200,1400,1800,2500,2800,2200,1600,450,
Houston,3300,2022,,Kentucky,500,500,250,300,200,300,250,190,120,,
Arkansas,6600,2022,,Kansas State,10000,8000,6000,3500,1800,2000,1800,1000,500,,
Miami (FL),25000,2022,,Baylor,5000,5000,15000,5000,6500,3500,2200,1800,1200,,
St Peter's,300000,2022,,Tennessee,3000,2500,3000,3000,5000,6600,3300,3300,1400,,
Gonzaga,300,2022,,Syracuse,1800,1500,600,650,450,700,650,500,,,
Arizona,600,2022,,Ohio State,6600,4000,5000,6500,1000,1200,1400,700,,,
Purdue,1800,2022,,Xavier,6600,6000,8000,8000,6000,8000,8000,4000,,,
UCLA,2200,2022,,Purdue,2500,2000,1500,1500,1000,6000,4000,5000,,,
Texas Tech,2200,2022,,Washington,5000,5000,10000,10000,6000,20000,10000,5000,,,
Michigan,12500,2022,,St Mary's (CA),,10000,10000,15000,,,10000,5000,,,
Providence,15000,2022,,Northern Iowa,,15000,20000,20000,25000,25000,15000,5000,,,
Iowa State,25000,2022,,Cornell,,,,,,,10000,8000,,,
Baylor,1200,2022,,Kansas,500,300,200,200,150,175,160,,,,
Auburn,1400,2022,,Villanova,1500,1500,1700,700,800,1800,1800,,,,
Tennessee,1800,2022,,Wisconsin,10000,10000,20000,7000,6000,5000,3300,,,,
Illinois,4000,2022,,Maryland,10000,6500,20000,15000,9000,3300,5000,,,,
Texas,8000,2022,,Pittsburgh,6600,6500,10000,5000,2500,5000,5000,,,,
Wisconsin,8000,2022,,New Mexico,,10000,10000,20000,3000,5000,5000,,,,
St Mary's (CA),12500,2022,,BYU,20000,20000,15000,6000,5000,10000,6600,,,,
Ohio State,20000,2022,,Wake Forest,3300,4000,10000,10000,15000,15000,6600,,,,
Michigan State,12500,2022,,Georgia Tech,6600,6000,6000,6000,15000,10000,8000,,,,
Memphis,12500,2022,,Missouri,3300,3000,10000,10000,20000,15000,8000,,,,
Murray State,25000,2022,,California,5000,4000,6000,6000,6500,10000,10000,,,,
Notre Dame,50000,2022,,Gonzaga,8000,7000,5000,4000,7000,10000,10000,,,,
Creighton,25000,2022,,Texas A&M,8000,6000,20000,15000,10000,10000,10000,,,,
TCU,25000,2022,,Old Dominion,,12500,20000,20000,,30000,25000,,,,
Richmond,100000,2022,,Ohio,,,,,,,25000,,,,
New Mexico State,100000,2022,,Murray State,,,,,,30000,30000,,,,
Kentucky,800,2022,,Georgetown,2000,2000,4000,1900,3000,2500,,,,,
Iowa,2500,2022,,Temple,,10000,10000,10000,8000,8000,,,,,
Connecticut,8000,2022,,Vanderbilt,,10000,20000,20000,8000,8000,,,,,
Alabama,12500,2022,,Texas,1200,1200,400,280,1200,10000,,,,,
LSU,12500,2022,,Louisville,1400,1400,5000,5000,7000,10000,,,,,
Loyola Chicago,15000,2022,,Memphis,5000,4000,6000,6000,20000,10000,,,,,
Virginia Tech,15000,2022,,Marquette,,10000,20000,15000,25000,10000,,,,,
USC,20000,2022,,Notre Dame,5000,4000,20000,10000,,10000,,,,,
Marquette,20000,2022,,Oklahoma State,10000,8000,20000,15000,,10000,,,,,
San Francisco,20000,2022,,Florida,2500,1600,5000,5000,20000,12500,,,,,
San Diego State,20000,2022,,Clemson,8000,6500,10000,8000,10000,15000,,,,,
Indiana,25000,2022,,Florida State,10000,9000,20000,15000,15000,20000,,,,,
Colorado State,25000,2022,,Minnesota,,9000,9000,7000,,20000,,,,,
Boise State,25000,2022,,UNLV,,10000,10000,5000,,25000,,,,,
Davidson,25000,2022,,Houston,,10000,20000,20000,,25000,,,,,
Seton Hall,25000,2022,,UTEP,,10000,20000,20000,,25000,,,,,
Wyoming,50000,2022,,New Mexico State,,,,,,30000,,,,,
South Dakota State,50000,2022,,,,,,,,,,,,,
Vermont,50000,2022,,,,,,,,,,,,,
Rutgers,50000,2022,,,,,,,,,,,,,
UAB,100000,2022,,,,,,,,,,,,,
Chattanooga,100000,2022,,,,,,,,,,,,,
Montana State,200000,2022,,,,,,,,,,,,,
Akron,200000,2022,,,,,,,,,,,,,
Jacksonville State,300000,2022,,,,,,,,,,,,,
Colgate,300000,2022,,,,,,,,,,,,,
Delaware,300000,2022,,,,,,,,,,,,,
Longwood,300000,2022,,,,,,,,,,,,,
Yale,300000,2022,,,,,,,,,,,,,
Norfolk State,300000,2022,,,,,,,,,,,,,
Georgia State,300000,2022,,,,,,,,,,,,,
Cal State Fullerton,500000,2022,,,,,,,,,,,,,
Wright State,500000,2022,,,,,,,,,,,,,
Bryant,500000,2022,,,,,,,,,,,,,
Texas Southern,500000,2022,,,,,,,,,,,,,
Texas A M-Corpus Christi,500000,2022,,,,,,,,,,,,,
Baylor,500,2021,,,,,,,,,,,,,
Gonzaga,200,2021,,,,,,,,,,,,,
Houston,1600,2021,,,,,,,,,,,,,
UCLA,12500,2021,,,,,,,,,,,,,
Michigan,700,2021,,,,,,,,,,,,,
USC,3500,2021,,,,,,,,,,,,,
Arkansas,3500,2021,,,,,,,,,,,,,
Oregon State,15000,2021,,,,,,,,,,,,,
Alabama,1600,2021,,,,,,,,,,,,,
Loyola Chicago,4000,2021,,,,,,,,,,,,,
Florida State,2000,2021,,,,,,,,,,,,,
Creighton,2500,2021,,,,,,,,,,,,,
Villanova,4000,2021,,,,,,,,,,,,,
Oregon,5000,2021,,,,,,,,,,,,,
Syracuse,8000,2021,,,,,,,,,,,,,
Oral Roberts,25000,2021,,,,,,,,,,,,,
Illinois,600,2021,,,,,,,,,,,,,
Iowa,1600,2021,,,,,,,,,,,,,
Oklahoma State,1600,2021,,,,,,,,,,,,,
West Virginia,2000,2021,,,,,,,,,,,,,
Texas Tech,2500,2021,,,,,,,,,,,,,
Kansas,2500,2021,,,,,,,,,,,,,
Oklahoma,3500,2021,,,,,,,,,,,,,
Wisconsin,4000,2021,,,,,,,,,,,,,
Colorado,6600,2021,,,,,,,,,,,,,
LSU,5000,2021,,,,,,,,,,,,,
Rutgers,6600,2021,,,,,,,,,,,,,
Florida,8000,2021,,,,,,,,,,,,,
Maryland,10000,2021,,,,,,,,,,,,,
North Texas,15000,2021,,,,,,,,,,,,,
Ohio,20000,2021,,,,,,,,,,,,,
Abilene Christian,100000,2021,,,,,,,,,,,,,
Ohio State,1600,2021,,,,,,,,,,,,,
Texas,2000,2021,,,,,,,,,,,,,
Connecticut,3300,2021,,,,,,,,,,,,,
Tennessee,4000,2021,,,,,,,,,,,,,
Purdue,4000,2021,,,,,,,,,,,,,
Virginia,5000,2021,,,,,,,,,,,,,
North Carolina,5000,2021,,,,,,,,,,,,,
San Diego State,5000,2021,,,,,,,,,,,,,
Missouri,6600,2021,,,,,,,,,,,,,
Virginia Tech,6600,2021,,,,,,,,,,,,,
Utah State,6600,2021,,,,,,,,,,,,,
Clemson,8000,2021,,,,,,,,,,,,,
BYU,8000,2021,,,,,,,,,,,,,
Michigan State,10000,2021,,,,,,,,,,,,,
Drake,10000,2021,,,,,,,,,,,,,
Georgia Tech,10000,2021,,,,,,,,,,,,,
Wichita State,10000,2021,,,,,,,,,,,,,
VCU,10000,2021,,,,,,,,,,,,,
Georgetown,10000,2021,,,,,,,,,,,,,
St Bonaventure,10000,2021,,,,,,,,,,,,,
UNC Greensboro,15000,2021,,,,,,,,,,,,,
Winthrop,15000,2021,,,,,,,,,,,,,
Colgate,20000,2021,,,,,,,,,,,,,
Liberty,25000,2021,,,,,,,,,,,,,
UC Santa Barbara,25000,2021,,,,,,,,,,,,,
Morehead State,50000,2021,,,,,,,,,,,,,
Eastern Washington,75000,2021,,,,,,,,,,,,,
Grand Canyon,75000,2021,,,,,,,,,,,,,
Iona,200000,2021,,,,,,,,,,,,,
Appalachian State,200000,2021,,,,,,,,,,,,,
Cleveland State,200000,2021,,,,,,,,,,,,,
Drexel,200000,2021,,,,,,,,,,,,,
Hartford,200000,2021,,,,,,,,,,,,,
Mount St Mary's,200000,2021,,,,,,,,,,,,,
Norfolk State,200000,2021,,,,,,,,,,,,,
Texas Southern,200000,2021,,,,,,,,,,,,,
Virginia,675,2019,,,,,,,,,,,,,
Texas Tech,2500,2019,,,,,,,,,,,,,
Michigan State,1600,2019,,,,,,,,,,,,,
Auburn,5000,2019,,,,,,,,,,,,,
Duke,255,2019,,,,,,,,,,,,,
Gonzaga,550,2019,,,,,,,,,,,,,
Kentucky,1700,2019,,,,,,,,,,,,,
Purdue,3500,2019,,,,,,,,,,,,,
North Carolina,1000,2019,,,,,,,,,,,,,
Michigan,1800,2019,,,,,,,,,,,,,
Houston,5000,2019,,,,,,,,,,,,,
Tennessee,1800,2019,,,,,,,,,,,,,
Virginia Tech,8000,2019,,,,,,,,,,,,,
Florida State,6000,2019,,,,,,,,,,,,,
Oregon,20000,2019,,,,,,,,,,,,,
LSU,6600,2019,,,,,,,,,,,,,
Buffalo,10000,2019,,,,,,,,,,,,,
Wofford,30000,2019,,,,,,,,,,,,,
Villanova,5000,2019,,,,,,,,,,,,,
Kansas,6000,2019,,,,,,,,,,,,,
Murray State,60000,2019,,,,,,,,,,,,,
Iowa,50000,2019,,,,,,,,,,,,,
Maryland,25000,2019,,,,,,,,,,,,,
Florida,20000,2019,,,,,,,,,,,,,
Washington,50000,2019,,,,,,,,,,,,,
Central Florida,50000,2019,,,,,,,,,,,,,
Oklahoma,75000,2019,,,,,,,,,,,,,
Ohio State,100000,2019,,,,,,,,,,,,,
Minnesota,50000,2019,,,,,,,,,,,,,
Baylor,100000,2019,,,,,,,,,,,,,
UC Irvine,150000,2019,,,,,,,,,,,,,
Liberty,200000,2019,,,,,,,,,,,,,
Iowa State,4000,2019,,,,,,,,,,,,,
Marquette,8000,2019,,,,,,,,,,,,,
Cincinnati,9000,2019,,,,,,,,,,,,,
Nevada,10000,2019,,,,,,,,,,,,,
Kansas State,10000,2019,,,,,,,,,,,,,
Louisville,10000,2019,,,,,,,,,,,,,
Wisconsin,12500,2019,,,,,,,,,,,,,
Syracuse,17500,2019,,,,,,,,,,,,,
Mississippi State,20000,2019,,,,,,,,,,,,,
VCU,50000,2019,,,,,,,,,,,,,
St Mary's (CA),50000,2019,,,,,,,,,,,,,
Utah State,50000,2019,,,,,,,,,,,,,
New Mexico State,50000,2019,,,,,,,,,,,,,
Seton Hall,50000,2019,,,,,,,,,,,,,
Ole Miss,50000,2019,,,,,,,,,,,,,
St John's,100000,2019,,,,,,,,,,,,,
Arizona State,100000,2019,,,,,,,,,,,,,
Temple,100000,2019,,,,,,,,,,,,,
Belmont,100000,2019,,,,,,,,,,,,,
Georgia State,100000,2019,,,,,,,,,,,,,
Northeastern,100000,2019,,,,,,,,,,,,,
Old Dominion,150000,2019,,,,,,,,,,,,,
Yale,150000,2019,,,,,,,,,,,,,
St Louis,150000,2019,,,,,,,,,,,,,
Montana,150000,2019,,,,,,,,,,,,,
Northern Kentucky,150000,2019,,,,,,,,,,,,,
Vermont,200000,2019,,,,,,,,,,,,,
Iona,200000,2019,,,,,,,,,,,,,
Colgate,250000,2019,,,,,,,,,,,,,
Bradley,500000,2019,,,,,,,,,,,,,
North Dakota State,500000,2019,,,,,,,,,,,,,
Abilene Christian,500000,2019,,,,,,,,,,,,,
Fairleigh Dickinson,500000,2019,,,,,,,,,,,,,
Gardner-Webb,500000,2019,,,,,,,,,,,,,
NC Central,500000,2019,,,,,,,,,,,,,
Prairie View A&M,500000,2019,,,,,,,,,,,,,
Villanova,570,2018,,,,,,,,,,,,,
Michigan,1500,2018,,,,,,,,,,,,,
Kansas,1450,2018,,,,,,,,,,,,,
Loyola Chicago,38000,2018,,,,,,,,,,,,,
Duke,835,2018,,,,,,,,,,,,,
Texas Tech,7500,2018,,,,,,,,,,,,,
Florida State,32500,2018,,,,,,,,,,,,,
Kansas State,55000,2018,,,,,,,,,,,,,
Gonzaga,2550,2018,,,,,,,,,,,,,
Kentucky,4400,2018,,,,,,,,,,,,,
Purdue,1200,2018,,,,,,,,,,,,,
West Virginia,4400,2018,,,,,,,,,,,,,
Texas A&M,23000,2018,,,,,,,,,,,,,
Clemson,18000,2018,,,,,,,,,,,,,
Nevada,55000,2018,,,,,,,,,,,,,
Syracuse,130000,2018,,,,,,,,,,,,,
Michigan State,925,2018,,,,,,,,,,,,,
Cincinnati,1675,2018,,,,,,,,,,,,,
North Carolina,1650,2018,,,,,,,,,,,,,
Xavier,2450,2018,,,,,,,,,,,,,
Tennessee,5000,2018,,,,,,,,,,,,,
Florida,12000,2018,,,,,,,,,,,,,
Auburn,8700,2018,,,,,,,,,,,,,
Houston,11000,2018,,,,,,,,,,,,,
Ohio,8500,2018,,,,,,,,,,,,,
San Jos? State,20500,2018,,,,,,,,,,,,,
Butler,18000,2018,,,,,,,,,,,,,
Alabama,47500,2018,,,,,,,,,,,,,
Rhode Island,38000,2018,,,,,,,,,,,,,
Buffalo,250000,2018,,,,,,,,,,,,,
UMBC,999999,2018,,,,,,,,,,,,,
Marshall,300000,2018,,,,,,,,,,,,,
Virginia,620,2018,,,,,,,,,,,,,
Arizona,1400,2018,,,,,,,,,,,,,
Wichita State,5800,2018,,,,,,,,,,,,,
TCU,21500,2018,,,,,,,,,,,,,
Miami (FL),27000,2018,,,,,,,,,,,,,
Texas,27000,2018,,,,,,,,,,,,,
Mississippi Valley State,32500,2018,,,,,,,,,,,,,
Virginia Tech,35000,2018,,,,,,,,,,,,,
Arkansas,38000,2018,,,,,,,,,,,,,
Ohio State,44000,2018,,,,,,,,,,,,,
NC State,48500,2018,,,,,,,,,,,,,
UCLA,55000,2018,,,,,,,,,,,,,
Creighton,55000,2018,,,,,,,,,,,,,
Providence,55000,2018,,,,,,,,,,,,,
St Peter's,65000,2018,,,,,,,,,,,,,
Davidson,75000,2018,,,,,,,,,,,,,
Arizona State,87500,2018,,,,,,,,,,,,,
Southern,110000,2018,,,,,,,,,,,,,
New Mexico State,125000,2018,,,,,,,,,,,,,
Mount St Mary's,200000,2018,,,,,,,,,,,,,
South Carolina,300000,2018,,,,,,,,,,,,,
Charleston,400000,2018,,,,,,,,,,,,,
UNC Greensboro,400000,2018,,,,,,,,,,,,,
Bucknell,500000,2018,,,,,,,,,,,,,
Iona,999999,2018,,,,,,,,,,,,,
CS Fullerton,999999,2018,,,,,,,,,,,,,
Stephen F. Austin,999999,2018,,,,,,,,,,,,,
Pennsylvania,999999,2018,,,,,,,,,,,,,
Texas Southern,999999,2018,,,,,,,,,,,,,
Lipscomb,999999,2018,,,,,,,,,,,,,
Navy,999999,2018,,,,,,,,,,,,,
Radford,999999,2018,,,,,,,,,,,,,
LIU Brooklyn,999999,2018,,,,,,,,,,,,,
Georgia State,999999,2018,,,,,,,,,,,,,
Monmouth,999999,2018,,,,,,,,,,,,,
Wright State,999999,2018,,,,,,,,,,,,,
North Carolina,535,2017,,,,,,,,,,,,,
Gonzaga,925,2017,,,,,,,,,,,,,
Oregon,2800,2017,,,,,,,,,,,,,
South Carolina,28000,2017,,,,,,,,,,,,,
Kansas,875,2017,,,,,,,,,,,,,
Kentucky,1250,2017,,,,,,,,,,,,,
Florida,6300,2017,,,,,,,,,,,,,
Xavier,52000,2017,,,,,,,,,,,,,
Arizona,1100,2017,,,,,,,,,,,,,
UCLA,1450,2017,,,,,,,,,,,,,
Michigan,6800,2017,,,,,,,,,,,,,
Wisconsin,8300,2017,,,,,,,,,,,,,
West Virginia,3650,2017,,,,,,,,,,,,,
Baylor,5200,2017,,,,,,,,,,,,,
Purdue,4000,2017,,,,,,,,,,,,,
Butler,8300,2017,,,,,,,,,,,,,
Villanova,820,2017,,,,,,,,,,,,,
Duke,850,2017,,,,,,,,,,,,,
Louisville,1900,2017,,,,,,,,,,,,,
Florida State,3750,2017,,,,,,,,,,,,,
Wichita State,8000,2017,,,,,,,,,,,,,
Iowa State,5300,2017,,,,,,,,,,,,,
Notre Dame,7500,2017,,,,,,,,,,,,,
Virginia,4400,2017,,,,,,,,,,,,,
St Mary's (CA),10500,2017,,,,,,,,,,,,,
Michigan State,17000,2017,,,,,,,,,,,,,
Cincinnati,12500,2017,,,,,,,,,,,,,
Rhode Island,30000,2017,,,,,,,,,,,,,
Middle Tennessee State,40000,2017,,,,,,,,,,,,,
USC,52000,2017,,,,,,,,,,,,,
Arkansas,31500,2017,,,,,,,,,,,,,
Northwestern,55000,2017,,,,,,,,,,,,,
SMU,4500,2017,,,,,,,,,,,,,
Maryland,16500,2017,,,,,,,,,,,,,
Oklahoma State,17000,2017,,,,,,,,,,,,,
Miami (FL),23000,2017,,,,,,,,,,,,,
Minnesota,25000,2017,,,,,,,,,,,,,
Creighton,32500,2017,,,,,,,,,,,,,
Virginia Tech,34000,2017,,,,,,,,,,,,,
Seton Hall,34000,2017,,,,,,,,,,,,,
Dayton,35500,2017,,,,,,,,,,,,,
Vanderbilt,37000,2017,,,,,,,,,,,,,
VCU,40000,2017,,,,,,,,,,,,,
Kansas State,41500,2017,,,,,,,,,,,,,
Marquette,44500,2017,,,,,,,,,,,,,
Wake Forest,50000,2017,,,,,,,,,,,,,
Providence,75000,2017,,,,,,,,,,,,,
Nevada,80000,2017,,,,,,,,,,,,,
Princeton,100000,2017,,,,,,,,,,,,,
East Tennessee State,150000,2017,,,,,,,,,,,,,
Florida Gulf Coast,500000,2017,,,,,,,,,,,,,
New Mexico State,500000,2017,,,,,,,,,,,,,
Bucknell,500000,2017,,,,,,,,,,,,,
UNC Wilmington,500000,2017,,,,,,,,,,,,,
Vermont,500000,2017,,,,,,,,,,,,,
Winthrop,500000,2017,,,,,,,,,,,,,
Texas Southern,999999,2017,,,,,,,,,,,,,
South Dakota State,999999,2017,,,,,,,,,,,,,
Iona,999999,2017,,,,,,,,,,,,,
Kent State,999999,2017,,,,,,,,,,,,,
Jacksonville State,999999,2017,,,,,,,,,,,,,
Mount St Mary's,999999,2017,,,,,,,,,,,,,
NC Central,999999,2017,,,,,,,,,,,,,
New Orleans,999999,2017,,,,,,,,,,,,,
North Dakota,999999,2017,,,,,,,,,,,,,
Northern Kentucky,999999,2017,,,,,,,,,,,,,
Troy,999999,2017,,,,,,,,,,,,,
UC Davis,999999,2017,,,,,,,,,,,,,
Villanova,1500,2016,,,,,,,,,,,,,
North Carolina,580,2016,,,,,,,,,,,,,
Oklahoma,1600,2016,,,,,,,,,,,,,
Syracuse,27500,2016,,,,,,,,,,,,,
Kansas,485,2016,,,,,,,,,,,,,
Virginia,900,2016,,,,,,,,,,,,,
Oregon,2000,2016,,,,,,,,,,,,,
Notre Dame,16000,2016,,,,,,,,,,,,,
Indiana,5000,2016,,,,,,,,,,,,,
Gonzaga,11500,2016,,,,,,,,,,,,,
Texas A&M,3400,2016,,,,,,,,,,,,,
Miami (FL),5300,2016,,,,,,,,,,,,,
Duke,3300,2016,,,,,,,,,,,,,
Maryland,4500,2016,,,,,,,,,,,,,
Iowa State,6800,2016,,,,,,,,,,,,,
Wisconsin,17500,2016,,,,,,,,,,,,,
Kentucky,1200,2016,,,,,,,,,,,,,
Xavier,3300,2016,,,,,,,,,,,,,
Utah,10000,2016,,,,,,,,,,,,,
Wichita State,12500,2016,,,,,,,,,,,,,
Connecticut,10000,2016,,,,,,,,,,,,,
Iowa,10000,2016,,,,,,,,,,,,,
Butler,27500,2016,,,,,,,,,,,,,
Providence,32500,2016,,,,,,,,,,,,,
Yale,100000,2016,,,,,,,,,,,,,
VCU,18000,2016,,,,,,,,,,,,,
St Joseph's,25000,2016,,,,,,,,,,,,,
Northern Iowa,55000,2016,,,,,,,,,,,,,
Hawaii,200000,2016,,,,,,,,,,,,,
Middle Tennessee State,999999,2016,,,,,,,,,,,,,
Stephen F Austin,55000,2016,,,,,,,,,,,,,
Arkansas-Little Rock,175000,2016,,,,,,,,,,,,,
Michigan State,675,2016,,,,,,,,,,,,,
West Virginia,2300,2016,,,,,,,,,,,,,
Purdue,4000,2016,,,,,,,,,,,,,
Arizona,6000,2016,,,,,,,,,,,,,
California,6500,2016,,,,,,,,,,,,,
Baylor,8500,2016,,,,,,,,,,,,,
Texas,10000,2016,,,,,,,,,,,,,
Seton Hall,10000,2016,,,,,,,,,,,,,
Cincinnati,20000,2016,,,,,,,,,,,,,
Vanderbilt,22500,2016,,,,,,,,,,,,,
Dayton,30000,2016,,,,,,,,,,,,,
Pittsburgh,35000,2016,,,,,,,,,,,,,
Oregon State,40000,2016,,,,,,,,,,,,,
Michigan,47500,2016,,,,,,,,,,,,,
Colorado,70000,2016,,,,,,,,,,,,,
Texas Tech,70000,2016,,,,,,,,,,,,,
USC,80000,2016,,,,,,,,,,,,,
Temple,80000,2016,,,,,,,,,,,,,
Tulsa,100000,2016,,,,,,,,,,,,,
South Dakota State,100000,2016,,,,,,,,,,,,,
Chattanooga,300000,2016,,,,,,,,,,,,,
Iona,300000,2016,,,,,,,,,,,,,
UNC Wilmington,300000,2016,,,,,,,,,,,,,
Stony Brook,400000,2016,,,,,,,,,,,,,
Buffalo,500000,2016,,,,,,,,,,,,,
Austin Peay,999999,2016,,,,,,,,,,,,,
CS Bakersfield,999999,2016,,,,,,,,,,,,,
Fairleigh Dickinson,999999,2016,,,,,,,,,,,,,
Florida Gulf Coast,999999,2016,,,,,,,,,,,,,
Fresno State,999999,2016,,,,,,,,,,,,,
Green Bay,999999,2016,,,,,,,,,,,,,
Hampton,999999,2016,,,,,,,,,,,,,
Holy Cross,999999,2016,,,,,,,,,,,,,
Southern,999999,2016,,,,,,,,,,,,,
UNC Asheville,999999,2016,,,,,,,,,,,,,
Weber State,999999,2016,,,,,,,,,,,,,
Duke,1000,2015,,,,,,,,,,,,,
Wisconsin,700,2015,,,,,,,,,,,,,
Kentucky,110,2015,,,,,,,,,,,,,
Michigan State,4000,2015,,,,,,,,,,,,,
Arizona,850,2015,,,,,,,,,,,,,
Gonzaga,1800,2015,,,,,,,,,,,,,
Notre Dame,2800,2015,,,,,,,,,,,,,
Louisville,6600,2015,,,,,,,,,,,,,
Oklahoma,5000,2015,,,,,,,,,,,,,
Wichita State,6600,2015,,,,,,,,,,,,,
Utah,5000,2015,,,,,,,,,,,,,
North Carolina,4000,2015,,,,,,,,,,,,,
NC State,20000,2015,,,,,,,,,,,,,
Xavier,20000,2015,,,,,,,,,,,,,
West Virginia,10000,2015,,,,,,,,,,,,,
UCLA,20000,2015,,,,,,,,,,,,,
Villanova,800,2015,,,,,,,,,,,,,
Virginia,1200,2015,,,,,,,,,,,,,
Kansas,4000,2015,,,,,,,,,,,,,
Northern Iowa,8000,2015,,,,,,,,,,,,,
Maryland,10000,2015,,,,,,,,,,,,,
Ohio State,8000,2015,,,,,,,,,,,,,
Butler,15000,2015,,,,,,,,,,,,,
Iowa,20000,2015,,,,,,,,,,,,,
Georgetown,10000,2015,,,,,,,,,,,,,
Oregon,30000,2015,,,,,,,,,,,,,
Arkansas,15000,2015,,,,,,,,,,,,,
San Diego State,30000,2015,,,,,,,,,,,,,
Dayton,30000,2015,,,,,,,,,,,,,
Georgia State,50000,2015,,,,,,,,,,,,,
UAB,100000,2015,,,,,,,,,,,,,
Cincinnati,30000,2015,,,,,,,,,,,,,
Iowa State,2500,2015,,,,,,,,,,,,,
SMU,5000,2015,,,,,,,,,,,,,
Baylor,6600,2015,,,,,,,,,,,,,
Texas,10000,2015,,,,,,,,,,,,,
VCU,10000,2015,,,,,,,,,,,,,
LSU,20000,2015,,,,,,,,,,,,,
Georgia,20000,2015,,,,,,,,,,,,,
Providence,20000,2015,,,,,,,,,,,,,
St John's,20000,2015,,,,,,,,,,,,,
BYU,20000,2015,,,,,,,,,,,,,
Davidson,20000,2015,,,,,,,,,,,,,
Oklahoma State,30000,2015,,,,,,,,,,,,,
Indiana,30000,2015,,,,,,,,,,,,,
Harvard,30000,2015,,,,,,,,,,,,,
Purdue,30000,2015,,,,,,,,,,,,,
Ole Miss,50000,2015,,,,,,,,,,,,,
Boise State,50000,2015,,,,,,,,,,,,,
Eastern Washington,50000,2015,,,,,,,,,,,,,
Northeastern,50000,2015,,,,,,,,,,,,,
Stephen F Austin,50000,2015,,,,,,,,,,,,,
UC Irvine,50000,2015,,,,,,,,,,,,,
Valparaiso,50000,2015,,,,,,,,,,,,,
Albany,100000,2015,,,,,,,,,,,,,
Buffalo,100000,2015,,,,,,,,,,,,,
New Mexico State,100000,2015,,,,,,,,,,,,,
Wyoming,100000,2015,,,,,,,,,,,,,
Belmont,250000,2015,,,,,,,,,,,,,
Coastal Carolina,250000,2015,,,,,,,,,,,,,
Hampton,250000,2015,,,,,,,,,,,,,
Lafayette,250000,2015,,,,,,,,,,,,,
Manhattan,250000,2015,,,,,,,,,,,,,
North Dakota State,250000,2015,,,,,,,,,,,,,
North Florida,250000,2015,,,,,,,,,,,,,
Robert Morris,250000,2015,,,,,,,,,,,,,
Texas Southern,250000,2015,,,,,,,,,,,,,
Wofford,250000,2015,,,,,,,,,,,,,
Connecticut,9500,2014,,,,,,,,,,,,,
Kentucky,5000,2014,,,,,,,,,,,,,
Florida,550,2014,,,,,,,,,,,,,
Wisconsin,2200,2014,,,,,,,,,,,,,
Arizona,800,2014,,,,,,,,,,,,,
Michigan State,550,2014,,,,,,,,,,,,,
Michigan,3500,2014,,,,,,,,,,,,,
Dayton,50000,2014,,,,,,,,,,,,,
Louisville,550,2014,,,,,,,,,,,,,
Virginia,1500,2014,,,,,,,,,,,,,
UCLA,3500,2014,,,,,,,,,,,,,
Baylor,9000,2014,,,,,,,,,,,,,
Iowa State,3000,2014,,,,,,,,,,,,,
Tennessee,20000,2014,,,,,,,,,,,,,
San Diego State,8500,2014,,,,,,,,,,,,,
Stanford,30000,2014,,,,,,,,,,,,,
Kansas,1300,2014,,,,,,,,,,,,,
Wichita State,1500,2014,,,,,,,,,,,,,
Syracuse,1800,2014,,,,,,,,,,,,,
Villanova,3000,2014,,,,,,,,,,,,,
Creighton,4000,2014,,,,,,,,,,,,,
North Carolina,7500,2014,,,,,,,,,,,,,
Pittsburgh,10000,2014,,,,,,,,,,,,,
Oregon,10000,2014,,,,,,,,,,,,,
Texas,12000,2014,,,,,,,,,,,,,
St Louis,12500,2014,,,,,,,,,,,,,
Memphis,12500,2014,,,,,,,,,,,,,
Gonzaga,15000,2014,,,,,,,,,,,,,
Harvard,50000,2014,,,,,,,,,,,,,
FIELD,12500,2014,,,,,,,,,,,,,
North Dakota State,50000,2014,,,,,,,,,,,,,
Duke,2000,2014,,,,,,,,,,,,,
Oklahoma State,6000,2014,,,,,,,,,,,,,
Ohio State,7500,2014,,,,,,,,,,,,,
Oklahoma,9500,2014,,,,,,,,,,,,,
Cincinnati,9500,2014,,,,,,,,,,,,,
New Mexico,12000,2014,,,,,,,,,,,,,
VCU,12000,2014,,,,,,,,,,,,,
U Mass,15000,2014,,,,,,,,,,,,,
Iowa,20000,2014,,,,,,,,,,,,,
Providence,30000,2014,,,,,,,,,,,,,
Arizona State,30000,2014,,,,,,,,,,,,,
Nebraska,40000,2014,,,,,,,,,,,,,
Kansas State,50000,2014,,,,,,,,,,,,,
Xavier,50000,2014,,,,,,,,,,,,,
Colorado,50000,2014,,,,,,,,,,,,,
BYU,50000,2014,,,,,,,,,,,,,
NC State,50000,2014,,,,,,,,,,,,,
St Joseph's,50000,2014,,,,,,,,,,,,,
George Washington,50000,2014,,,,,,,,,,,,,
Louisville,450,2013,,,,,,,,,,,,,
Michigan,1800,2013,,,,,,,,,,,,,
Syracuse,2200,2013,,,,,,,,,,,,,
Wichita State,,2013,,,,,,,,,,,,,
Florida,700,2013,,,,,,,,,,,,,
Ohio State,1400,2013,,,,,,,,,,,,,
Duke,900,2013,,,,,,,,,,,,,
Marquette,5000,2013,,,,,,,,,,,,,
Indiana,500,2013,,,,,,,,,,,,,
Miami (FL),800,2013,,,,,,,,,,,,,
Kansas,1000,2013,,,,,,,,,,,,,
Michigan State,1800,2013,,,,,,,,,,,,,
Arizona,5000,2013,,,,,,,,,,,,,
Oregon,12500,2013,,,,,,,,,,,,,
La Salle,,2013,,,,,,,,,,,,,
Florida Gulf Coast,,2013,,,,,,,,,,,,,
Gonzaga,900,2013,,,,,,,,,,,,,
St Louis,2500,2013,,,,,,,,,,,,,
North Carolina,5000,2013,,,,,,,,,,,,,
Memphis,8000,2013,,,,,,,,,,,,,
Butler,8000,2013,,,,,,,,,,,,,
Minnesota,10000,2013,,,,,,,,,,,,,
California,15000,2013,,,,,,,,,,,,,
Iowa State,20000,2013,,,,,,,,,,,,,
San Diego State,12500,2013,,,,,,,,,,,,,
Creighton,12500,2013,,,,,,,,,,,,,
Illinois,20000,2013,,,,,,,,,,,,,
Ole Miss,20000,2013,,,,,,,,,,,,,
Colorado State,30000,2013,,,,,,,,,,,,,
Georgetown,1600,2013,,,,,,,,,,,,,
New Mexico,1600,2013,,,,,,,,,,,,,
Wisconsin,2800,2013,,,,,,,,,,,,,
Pittsburgh,5000,2013,,,,,,,,,,,,,
VCU,5000,2013,,,,,,,,,,,,,
Kansas State,6600,2013,,,,,,,,,,,,,
NC State,6600,2013,,,,,,,,,,,,,
UNLV,6600,2013,,,,,,,,,,,,,
Oklahoma State,10000,2013,,,,,,,,,,,,,
UCLA,10000,2013,,,,,,,,,,,,,
Missouri,12500,2013,,,,,,,,,,,,,
Notre Dame,12500,2013,,,,,,,,,,,,,
Cincinnati,20000,2013,,,,,,,,,,,,,
Temple,20000,2013,,,,,,,,,,,,,
Davidson,25000,2013,,,,,,,,,,,,,
Belmont,25000,2013,,,,,,,,,,,,,
Akron,25000,2013,,,,,,,,,,,,,
Bucknell,25000,2013,,,,,,,,,,,,,
Oklahoma,30000,2013,,,,,,,,,,,,,
Kentucky,185,2012,,,,,,,,,,,,,
Kansas,1000,2012,,,,,,,,,,,,,
Ohio State,650,2012,,,,,,,,,,,,,
Louisville,3300,2012,,,,,,,,,,,,,
Syracuse,1200,2012,,,,,,,,,,,,,
North Carolina,500,2012,,,,,,,,,,,,,
Florida,6600,2012,,,,,,,,,,,,,
Baylor,2500,2012,,,,,,,,,,,,,
Michigan State,800,2012,,,,,,,,,,,,,
Marquette,3500,2012,,,,,,,,,,,,,
Wisconsin,5000,2012,,,,,,,,,,,,,
Indiana,6600,2012,,,,,,,,,,,,,
Cincinnati,6600,2012,,,,,,,,,,,,,
NC State,12500,2012,,,,,,,,,,,,,
Xavier,20000,2012,,,,,,,,,,,,,
Ohio,,2012,,,,,,,,,,,,,
Florida State,3300,2012,,,,,,,,,,,,,
Vanderbilt,4000,2012,,,,,,,,,,,,,
Georgetown,5000,2012,,,,,,,,,,,,,
Kansas State,10000,2012,,,,,,,,,,,,,
Murray State,8000,2012,,,,,,,,,,,,,
New Mexico,6600,2012,,,,,,,,,,,,,
Gonzaga,12500,2012,,,,,,,,,,,,,
South Florida,15000,2012,,,,,,,,,,,,,
Creighton,15000,2012,,,,,,,,,,,,,
St Louis,15000,2012,,,,,,,,,,,,,
Iowa State,20000,2012,,,,,,,,,,,,,
Colorado,30000,2012,,,,,,,,,,,,,
VCU,30000,2012,,,,,,,,,,,,,
Purdue,12500,2012,,,,,,,,,,,,,
Lehigh,,2012,,,,,,,,,,,,,
Norfolk State,,2012,,,,,,,,,,,,,
Duke,1000,2012,,,,,,,,,,,,,
Missouri,1200,2012,,,,,,,,,,,,,
Wichita State,5000,2012,,,,,,,,,,,,,
Memphis,6600,2012,,,,,,,,,,,,,
Michigan,6600,2012,,,,,,,,,,,,,
Connecticut,6600,2012,,,,,,,,,,,,,
UNLV,10000,2012,,,,,,,,,,,,,
Texas,10000,2012,,,,,,,,,,,,,
BYU,12500,2012,,,,,,,,,,,,,
Alabama,15000,2012,,,,,,,,,,,,,
Notre Dame,15000,2012,,,,,,,,,,,,,
Temple,15000,2012,,,,,,,,,,,,,
West Virginia,15000,2012,,,,,,,,,,,,,
St Mary's (CA),15000,2012,,,,,,,,,,,,,
Virginia,20000,2012,,,,,,,,,,,,,
Belmont,20000,2012,,,,,,,,,,,,,
Vermont,20000,2012,,,,,,,,,,,,,
Southern Miss,25000,2012,,,,,,,,,,,,,
Harvard,25000,2012,,,,,,,,,,,,,
Davidson,30000,2012,,,,,,,,,,,,,
Connecticut,2500,2011,,,,,,,,,,,,,
Butler,20000,2011,,,,,,,,,,,,,
Kentucky,1600,2011,,,,,,,,,,,,,
VCU,30000,2011,,,,,,,,,,,,,
Kansas,400,2011,,,,,,,,,,,,,
North Carolina,1800,2011,,,,,,,,,,,,,
Florida,2000,2011,,,,,,,,,,,,,
Arizona,8000,2011,,,,,,,,,,,,,
Ohio State,450,2011,,,,,,,,,,,,,
Duke,400,2011,,,,,,,,,,,,,
San Diego State,2000,2011,,,,,,,,,,,,,
Wisconsin,5000,2011,,,,,,,,,,,,,
BYU,4000,2011,,,,,,,,,,,,,
Florida State,25000,2011,,,,,,,,,,,,,
Richmond,30000,2011,,,,,,,,,,,,,
Marquette,12500,2011,,,,,,,,,,,,,
Pittsburgh,700,2011,,,,,,,,,,,,,
Texas,2000,2011,,,,,,,,,,,,,
Syracuse,2200,2011,,,,,,,,,,,,,
Purdue,2500,2011,,,,,,,,,,,,,
Kansas State,5000,2011,,,,,,,,,,,,,
Washington,4000,2011,,,,,,,,,,,,,
West Virginia,10000,2011,,,,,,,,,,,,,
UCLA,12500,2011,,,,,,,,,,,,,
Temple,15000,2011,,,,,,,,,,,,,
Illinois,10000,2011,,,,,,,,,,,,,
Michigan,25000,2011,,,,,,,,,,,,,
George Mason,25000,2011,,,,,,,,,,,,,
Morehead State,40000,2011,,,,,,,,,,,,,
Notre Dame,1800,2011,,,,,,,,,,,,,
Louisville,2200,2011,,,,,,,,,,,,,
St John's,5000,2011,,,,,,,,,,,,,
Michigan State,8000,2011,,,,,,,,,,,,,
Gonzaga,8000,2011,,,,,,,,,,,,,
Georgetown,10000,2011,,,,,,,,,,,,,
UNLV,10000,2011,,,,,,,,,,,,,
Utah State,10000,2011,,,,,,,,,,,,,
Cincinnati,10000,2011,,,,,,,,,,,,,
Missouri,12500,2011,,,,,,,,,,,,,
Vanderbilt,12500,2011,,,,,,,,,,,,,
Old Dominion,12500,2011,,,,,,,,,,,,,
Villanova,15000,2011,,,,,,,,,,,,,
Tennessee,20000,2011,,,,,,,,,,,,,
Belmont,20000,2011,,,,,,,,,,,,,
Penn State,22500,2011,,,,,,,,,,,,,
Xavier,25000,2011,,,,,,,,,,,,,
Texas A&M,25000,2011,,,,,,,,,,,,,
USC,25000,2011,,,,,,,,,,,,,
Memphis,25000,2011,,,,,,,,,,,,,
Clemson,25000,2011,,,,,,,,,,,,,
Georgia,30000,2011,,,,,,,,,,,,,
Oakland,30000,2011,,,,,,,,,,,,,
St Peters,40000,2011,,,,,,,,,,,,,
Wofford,40000,2011,,,,,,,,,,,,,
UAB,50000,2011,,,,,,,,,,,,,
Akron,50000,2011,,,,,,,,,,,,,
Bucknell,50000,2011,,,,,,,,,,,,,
Indiana State,50000,2011,,,,,,,,,,,,,
Northern Colorado,50000,2011,,,,,,,,,,,,,
Princeton,50000,2011,,,,,,,,,,,,,
UC Santa Barbara,50000,2011,,,,,,,,,,,,,
Alabama State,100000,2011,,,,,,,,,,,,,
Arkansas-Little Rock,100000,2011,,,,,,,,,,,,,
Boston U,100000,2011,,,,,,,,,,,,,
Hampton,100000,2011,,,,,,,,,,,,,
Long Island,100000,2011,,,,,,,,,,,,,
Texas San Antonio,100000,2011,,,,,,,,,,,,,
UNC Asheville,100000,2011,,,,,,,,,,,,,
Duke,650,2010,,,,,,,,,,,,,
Butler,8000,2010,,,,,,,,,,,,,
West Virginia,1000,2010,,,,,,,,,,,,,
Michigan State,2500,2010,,,,,,,,,,,,,
Kentucky,300,2010,,,,,,,,,,,,,
Kansas State,2000,2010,,,,,,,,,,,,,
Baylor,3500,2010,,,,,,,,,,,,,
Tennessee,6600,2010,,,,,,,,,,,,,
Syracuse,700,2010,,,,,,,,,,,,,
Ohio State,1200,2010,,,,,,,,,,,,,
Xavier,8000,2010,,,,,,,,,,,,,
Purdue,6000,2010,,,,,,,,,,,,,
Washington,20000,2010,,,,,,,,,,,,,
St Mary's (CA),,2010,,,,,,,,,,,,,
Northern Iowa,25000,2010,,,,,,,,,,,,,
Cornell,,2010,,,,,,,,,,,,,
Kansas,175,2010,,,,,,,,,,,,,
Villanova,1800,2010,,,,,,,,,,,,,
Wisconsin,5000,2010,,,,,,,,,,,,,
Maryland,3300,2010,,,,,,,,,,,,,
Pittsburgh,5000,2010,,,,,,,,,,,,,
New Mexico,5000,2010,,,,,,,,,,,,,
BYU,10000,2010,,,,,,,,,,,,,
Wake Forest,15000,2010,,,,,,,,,,,,,
Georgia Tech,10000,2010,,,,,,,,,,,,,
Missouri,15000,2010,,,,,,,,,,,,,
California,10000,2010,,,,,,,,,,,,,
Gonzaga,10000,2010,,,,,,,,,,,,,
Texas A&M,10000,2010,,,,,,,,,,,,,
Old Dominion,30000,2010,,,,,,,,,,,,,
Ohio,,2010,,,,,,,,,,,,,
Murray State,30000,2010,,,,,,,,,,,,,
Georgetown,2500,2010,,,,,,,,,,,,,
Temple,8000,2010,,,,,,,,,,,,,
Vanderbilt,8000,2010,,,,,,,,,,,,,
Texas,10000,2010,,,,,,,,,,,,,
Louisville,10000,2010,,,,,,,,,,,,,
Memphis,10000,2010,,,,,,,,,,,,,
Marquette,10000,2010,,,,,,,,,,,,,
Notre Dame,10000,2010,,,,,,,,,,,,,
Oklahoma State,10000,2010,,,,,,,,,,,,,
Florida,12500,2010,,,,,,,,,,,,,
Clemson,15000,2010,,,,,,,,,,,,,
Florida State,20000,2010,,,,,,,,,,,,,
Minnesota,20000,2010,,,,,,,,,,,,,
UNLV,25000,2010,,,,,,,,,,,,,
Houston,25000,2010,,,,,,,,,,,,,
UTEP,25000,2010,,,,,,,,,,,,,
New Mexico State,30000,2010,,,,,,,,,,,,,
North Carolina,400,2009,,,,,,,,,,,,,
Connecticut,700,2009,,,,,,,,,,,,,
Michigan State,1500,2009,,,,,,,,,,,,,
Villanova,3000,2009,,,,,,,,,,,,,
Louisville,450,2009,,,,,,,,,,,,,
Pittsburgh,500,2009,,,,,,,,,,,,,
Memphis,900,2009,,,,,,,,,,,,,
Duke,1000,2009,,,,,,,,,,,,,
Oklahoma,1800,2009,,,,,,,,,,,,,
Syracuse,2000,2009,,,,,,,,,,,,,
Gonzaga,2500,2009,,,,,,,,,,,,,
Purdue,4000,2009,,,,,,,,,,,,,
Missouri,4000,2009,,,,,,,,,,,,,
Kansas,5000,2009,,,,,,,,,,,,,
Xavier,10000,2009,,,,,,,,,,,,,
Arizona,15000,2009,,,,,,,,,,,,,
Wake Forest,2200,2009,,,,,,,,,,,,,
UCLA,3000,2009,,,,,,,,,,,,,
West Virginia,5000,2009,,,,,,,,,,,,,
Arizona State,5000,2009,,,,,,,,,,,,,
Washington,5000,2009,,,,,,,,,,,,,
Florida State,6500,2009,,,,,,,,,,,,,
Clemson,8000,2009,,,,,,,,,,,,,
LSU,8000,2009,,,,,,,,,,,,,
Texas,10000,2009,,,,,,,,,,,,,
Tennessee,10000,2009,,,,,,,,,,,,,
USC,10000,2009,,,,,,,,,,,,,
Marquette,10000,2009,,,,,,,,,,,,,
Boston College,10000,2009,,,,,,,,,,,,,
California,10000,2009,,,,,,,,,,,,,
Oklahoma State,10000,2009,,,,,,,,,,,,,
Utah,10000,2009,,,,,,,,,,,,,
Wisconsin,15000,2009,,,,,,,,,,,,,
BYU,15000,2009,,,,,,,,,,,,,
Illinois,15000,2009,,,,,,,,,,,,,
Ohio State,20000,2009,,,,,,,,,,,,,
Texas A&M,20000,2009,,,,,,,,,,,,,
Maryland,25000,2009,,,,,,,,,,,,,
Butler,25000,2009,,,,,,,,,,,,,
Temple,25000,2009,,,,,,,,,,,,,
Mississippi State,30000,2009,,,,,,,,,,,,,
Michigan,30000,2009,,,,,,,,,,,,,
VCU,30000,2009,,,,,,,,,,,,,
Dayton,50000,2009,,,,,,,,,,,,,
Minnesota,50000,2009,,,,,,,,,,,,,
Siena,50000,2009,,,,,,,,,,,,,
Western Kentucky,50000,2009,,,,,,,,,,,,,
Utah State,75000,2009,,,,,,,,,,,,,
Alabama State,100000,2009,,,,,,,,,,,,,
Binghampton,100000,2009,,,,,,,,,,,,,
Chattanooga,100000,2009,,,,,,,,,,,,,
Cleveland State,100000,2009,,,,,,,,,,,,,
CS Northridge,100000,2009,,,,,,,,,,,,,
East Tennessee State,100000,2009,,,,,,,,,,,,,
Morehead State,100000,2009,,,,,,,,,,,,,
Morgan State,100000,2009,,,,,,,,,,,,,
Radford,100000,2009,,,,,,,,,,,,,
Robert Morris,100000,2009,,,,,,,,,,,,,
Akron,250000,2009,,,,,,,,,,,,,
Northern Iowa,250000,2009,,,,,,,,,,,,,
Portland State,250000,2009,,,,,,,,,,,,,
American,500000,2009,,,,,,,,,,,,,
Cornell,500000,2009,,,,,,,,,,,,,
North Dakota State,500000,2009,,,,,,,,,,,,,
Stephen F. Austin,500000,2009,,,,,,,,,,,,,
Kansas,700,2008,,,,,,,,,,,,,
North Carolina,400,2008,,,,,,,,,,,,,
UCLA,350,2008,,,,,,,,,,,,,
Memphis,800,2008,,,,,,,,,,,,,
Georgetown,1000,2008,,,,,,,,,,,,,
Tennessee,1200,2008,,,,,,,,,,,,,
Duke,1500,2008,,,,,,,,,,,,,
Stanford,1500,2008,,,,,,,,,,,,,
Texas,1500,2008,,,,,,,,,,,,,
Louisville,2000,2008,,,,,,,,,,,,,
Wisconsin,2000,2008,,,,,,,,,,,,,
Clemson,3000,2008,,,,,,,,,,,,,
Pittsburgh,4000,2008,,,,,,,,,,,,,
USC,4000,2008,,,,,,,,,,,,,
Vanderbilt,4000,2008,,,,,,,,,,,,,
Washington State,4000,2008,,,,,,,,,,,,,
Xavier,4000,2008,,,,,,,,,,,,,
Connecticut,5000,2008,,,,,,,,,,,,,
Notre Dame,5000,2008,,,,,,,,,,,,,
Marquette,6500,2008,,,,,,,,,,,,,
Michigan State,6500,2008,,,,,,,,,,,,,
Purdue,6500,2008,,,,,,,,,,,,,
Arizona,10000,2008,,,,,,,,,,,,,
Arkansas,10000,2008,,,,,,,,,,,,,
Butler,10000,2008,,,,,,,,,,,,,
BYU,10000,2008,,,,,,,,,,,,,
Davidson,10000,2008,,,,,,,,,,,,,
Drake,10000,2008,,,,,,,,,,,,,
Gonzaga,10000,2008,,,,,,,,,,,,,
Indiana,10000,2008,,,,,,,,,,,,,
Kansas State,10000,2008,,,,,,,,,,,,,
Kent State,10000,2008,,,,,,,,,,,,,
Miami (FL),10000,2008,,,,,,,,,,,,,
Mississippi State,10000,2008,,,,,,,,,,,,,
Oklahoma,10000,2008,,,,,,,,,,,,,
Oregon,10000,2008,,,,,,,,,,,,,
St Mary's (CA),10000,2008,,,,,,,,,,,,,
UNLV,10000,2008,,,,,,,,,,,,,
West Virginia,10000,2008,,,,,,,,,,,,,
Baylor,25000,2008,,,,,,,,,,,,,
Kentucky,25000,2008,,,,,,,,,,,,,
South Alabama,25000,2008,,,,,,,,,,,,,
St Joseph's,25000,2008,,,,,,,,,,,,,
Texas A&M,25000,2008,,,,,,,,,,,,,
George Mason,50000,2008,,,,,,,,,,,,,
Temple,50000,2008,,,,,,,,,,,,,
Villanova,50000,2008,,,,,,,,,,,,,
Western Kentucky,50000,2008,,,,,,,,,,,,,
American,100000,2008,,,,,,,,,,,,,
Austin Peay,100000,2008,,,,,,,,,,,,,
Belmont,100000,2008,,,,,,,,,,,,,
Coppin State,100000,2008,,,,,,,,,,,,,
Georgia,100000,2008,,,,,,,,,,,,,
Mississippi Valley State,100000,2008,,,,,,,,,,,,,
Mount St Mary's,100000,2008,,,,,,,,,,,,,
Portland State,100000,2008,,,,,,,,,,,,,
San Diego,100000,2008,,,,,,,,,,,,,
UMBC,100000,2008,,,,,,,,,,,,,
UT-Arlington,100000,2008,,,,,,,,,,,,,
Boise State,500000,2008,,,,,,,,,,,,,
Cornell,500000,2008,,,,,,,,,,,,,
CS Fullerton,500000,2008,,,,,,,,,,,,,
Oral Roberts,500000,2008,,,,,,,,,,,,,
Siena,500000,2008,,,,,,,,,,,,,
Winthrop,500000,2008,,,,,,,,,,,,,
Florida,400,2007,,,,,,,,,,,,,
Ohio State,700,2007,,,,,,,,,,,,,
UCLA,800,2007,,,,,,,,,,,,,
Georgetown,800,2007,,,,,,,,,,,,,
North Carolina,500,2007,,,,,,,,,,,,,
Kansas,600,2007,,,,,,,,,,,,,
Memphis,1200,2007,,,,,,,,,,,,,
Texas A&M,1200,2007,,,,,,,,,,,,,
Wisconsin,1200,2007,,,,,,,,,,,,,
Texas,1500,2007,,,,,,,,,,,,,
Maryland,2000,2007,,,,,,,,,,,,,
Oregon,2000,2007,,,,,,,,,,,,,
Pittsburgh,2200,2007,,,,,,,,,,,,,
Louisville,2500,2007,,,,,,,,,,,,,
Washington State,3000,2007,,,,,,,,,,,,,
Duke,3500,2007,,,,,,,,,,,,,
Notre Dame,4000,2007,,,,,,,,,,,,,
Tennessee,5000,2007,,,,,,,,,,,,,
Southern Illinois,6000,2007,,,,,,,,,,,,,
USC,6000,2007,,,,,,,,,,,,,
Kentucky,7000,2007,,,,,,,,,,,,,
Virginia Tech,7000,2007,,,,,,,,,,,,,
Georgia Tech,7500,2007,,,,,,,,,,,,,
Arizona,8000,2007,,,,,,,,,,,,,
Michigan State,8000,2007,,,,,,,,,,,,,
Vanderbilt,8000,2007,,,,,,,,,,,,,
Villanova,8000,2007,,,,,,,,,,,,,
Virginia,8000,2007,,,,,,,,,,,,,
Indiana,10000,2007,,,,,,,,,,,,,
Nevada,10000,2007,,,,,,,,,,,,,
UNLV,10000,2007,,,,,,,,,,,,,
Arkansas,12500,2007,,,,,,,,,,,,,
Boston College,12500,2007,,,,,,,,,,,,,
Butler,12500,2007,,,,,,,,,,,,,
Marquette,12500,2007,,,,,,,,,,,,,
Xavier,12500,2007,,,,,,,,,,,,,
BYU,15000,2007,,,,,,,,,,,,,
Creighton,15000,2007,,,,,,,,,,,,,
Gonzaga,20000,2007,,,,,,,,,,,,,
Stanford,20000,2007,,,,,,,,,,,,,
Purdue,25000,2007,,,,,,,,,,,,,
Illinois,30000,2007,,,,,,,,,,,,,
Old Dominion,30000,2007,,,,,,,,,,,,,
Texas Tech,30000,2007,,,,,,,,,,,,,
George Washington,40000,2007,,,,,,,,,,,,,
VCU,40000,2007,,,,,,,,,,,,,
Winthrop,40000,2007,,,,,,,,,,,,,
Davidson,50000,2007,,,,,,,,,,,,,
Long Beach State,50000,2007,,,,,,,,,,,,,
New Mexico State,50000,2007,,,,,,,,,,,,,
Holy Cross,60000,2007,,,,,,,,,,,,,
"Miami, Ohio",60000,2007,,,,,,,,,,,,,
Oral Roberts,60000,2007,,,,,,,,,,,,,
Pennsylvania,80000,2007,,,,,,,,,,,,,
Wright State,80000,2007,,,,,,,,,,,,,
Albany,100000,2007,,,,,,,,,,,,,
North Texas,100000,2007,,,,,,,,,,,,,
Weber State,100000,2007,,,,,,,,,,,,,
Belmont,200000,2007,,,,,,,,,,,,,
Niagara,200000,2007,,,,,,,,,,,,,
Texas A&M-CC,300000,2007,,,,,,,,,,,,,
Central Connecticut,500000,2007,,,,,,,,,,,,,
Eastern Kentucky,500000,2007,,,,,,,,,,,,,
Florida A&M,500000,2007,,,,,,,,,,,,,
Jackson State,500000,2007,,,,,,,,,,,,,
Florida,2000,2006,,,,,,,,,,,,,
LSU,3500,2006,,,,,,,,,,,,,
UCLA,1500,2006,,,,,,,,,,,,,
George Mason,15000,2006,,,,,,,,,,,,,
Duke,400,2006,,,,,,,,,,,,,
Connecticut,450,2006,,,,,,,,,,,,,
Villanova,600,2006,,,,,,,,,,,,,
North Carolina,800,2006,,,,,,,,,,,,,
Texas,1000,2006,,,,,,,,,,,,,
Memphis,1200,2006,,,,,,,,,,,,,
Kansas,1500,2006,,,,,,,,,,,,,
Ohio State,1500,2006,,,,,,,,,,,,,
Boston College,1800,2006,,,,,,,,,,,,,
Gonzaga,2000,2006,,,,,,,,,,,,,
Illinois,2000,2006,,,,,,,,,,,,,
Pittsburgh,2000,2006,,,,,,,,,,,,,
Iowa,2500,2006,,,,,,,,,,,,,
Tennessee,2500,2006,,,,,,,,,,,,,
Michigan State,3500,2006,,,,,,,,,,,,,
Washington,3500,2006,,,,,,,,,,,,,
Arkansas,5000,2006,,,,,,,,,,,,,
George Washington,5000,2006,,,,,,,,,,,,,
Georgetown,5000,2006,,,,,,,,,,,,,
Nevada,5000,2006,,,,,,,,,,,,,
Oklahoma,5000,2006,,,,,,,,,,,,,
Syracuse,5000,2006,,,,,,,,,,,,,
Arizona,7500,2006,,,,,,,,,,,,,
California,7500,2006,,,,,,,,,,,,,
Kentucky,7500,2006,,,,,,,,,,,,,
Marquette,7500,2006,,,,,,,,,,,,,
NC State,7500,2006,,,,,,,,,,,,,
Northern Iowa,7500,2006,,,,,,,,,,,,,
West Virginia,7500,2006,,,,,,,,,,,,,
Wisconsin,7500,2006,,,,,,,,,,,,,
Alabama,10000,2006,,,,,,,,,,,,,
Indiana,10000,2006,,,,,,,,,,,,,
NC Wilmington,10000,2006,,,,,,,,,,,,,
UAB,10000,2006,,,,,,,,,,,,,
Milwaukee,15000,2006,,,,,,,,,,,,,
San Diego State,15000,2006,,,,,,,,,,,,,
Seton Hall,15000,2006,,,,,,,,,,,,,
Southern Illinois,15000,2006,,,,,,,,,,,,,
Texas A&M,15000,2006,,,,,,,,,,,,,
Wichita State,15000,2006,,,,,,,,,,,,,
Bucknell,25000,2006,,,,,,,,,,,,,
Kent State,25000,2006,,,,,,,,,,,,,
Utah State,25000,2006,,,,,,,,,,,,,
Air Force,50000,2006,,,,,,,,,,,,,
Bradley,50000,2006,,,,,,,,,,,,,
Iona,50000,2006,,,,,,,,,,,,,
Murray State,50000,2006,,,,,,,,,,,,,
South Alabama,50000,2006,,,,,,,,,,,,,
Xavier,50000,2006,,,,,,,,,,,,,
Albany,100000,2006,,,,,,,,,,,,,
Belmont,100000,2006,,,,,,,,,,,,,
Hampton,100000,2006,,,,,,,,,,,,,
Monmouth,100000,2006,,,,,,,,,,,,,
Northwestern State,100000,2006,,,,,,,,,,,,,
Oral Roberts,100000,2006,,,,,,,,,,,,,
Pacific,100000,2006,,,,,,,,,,,,,
Pennsylvania,100000,2006,,,,,,,,,,,,,
Southern,100000,2006,,,,,,,,,,,,,
Davidson,500000,2006,,,,,,,,,,,,,
Montana,500000,2006,,,,,,,,,,,,,
Wintrop,500000,2006,,,,,,,,,,,,,
North Carolina,350,2005,,,,,,,,,,,,,
Illinois,400,2005,,,,,,,,,,,,,
Louisville,2500,2005,,,,,,,,,,,,,
Michigan State,600,2005,,,,,,,,,,,,,
Duke,400,2005,,,,,,,,,,,,,
Wake Forest,450,2005,,,,,,,,,,,,,
Connecticut,700,2005,,,,,,,,,,,,,
Washington,700,2005,,,,,,,,,,,,,
Oklahoma State,800,2005,,,,,,,,,,,,,
Arizona,1000,2005,,,,,,,,,,,,,
Oklahoma,1000,2005,,,,,,,,,,,,,
Kansas,1200,2005,,,,,,,,,,,,,
Georgia Tech,1200,2005,,,,,,,,,,,,,
Kentucky,1500,2005,,,,,,,,,,,,,
Florida,1800,2005,,,,,,,,,,,,,
Syracuse,2000,2005,,,,,,,,,,,,,
NC State,2000,2005,,,,,,,,,,,,,
Wisconsin,2000,2005,,,,,,,,,,,,,
George Washington,2500,2005,,,,,,,,,,,,,
Alabama,3500,2005,,,,,,,,,,,,,
Boston College,3500,2005,,,,,,,,,,,,,
Gonzaga,3500,2005,,,,,,,,,,,,,
Pittsburgh,3500,2005,,,,,,,,,,,,,
Cincinnati,5000,2005,,,,,,,,,,,,,
Iowa,5000,2005,,,,,,,,,,,,,
Villanova,5000,2005,,,,,,,,,,,,,
Texas Tech,6000,2005,,,,,,,,,,,,,
Minnesota,6000,2005,,,,,,,,,,,,,
Mississippi State,6000,2005,,,,,,,,,,,,,
New Mexico,6000,2005,,,,,,,,,,,,,
Stanford,6000,2005,,,,,,,,,,,,,
Utah,6000,2005,,,,,,,,,,,,,
Iowa State,7500,2005,,,,,,,,,,,,,
Texas,7500,2005,,,,,,,,,,,,,
Utah State,7500,2005,,,,,,,,,,,,,
UTEP,7500,2005,,,,,,,,,,,,,
West Virginia,7500,2005,,,,,,,,,,,,,
Charlotte,10000,2005,,,,,,,,,,,,,
LSU,10000,2005,,,,,,,,,,,,,
Nevada,10000,2005,,,,,,,,,,,,,
Pacific,10000,2005,,,,,,,,,,,,,
Southern Illinois,10000,2005,,,,,,,,,,,,,
St Mary's (CA),10000,2005,,,,,,,,,,,,,
UCLA,10000,2005,,,,,,,,,,,,,
Creighton,25000,2005,,,,,,,,,,,,,
Louisiana Lafayette,25000,2005,,,,,,,,,,,,,
Northern Iowa,25000,2005,,,,,,,,,,,,,
UAB,25000,2005,,,,,,,,,,,,,
Milwaukee,50000,2005,,,,,,,,,,,,,
Ohio,50000,2005,,,,,,,,,,,,,
Old Dominion,50000,2005,,,,,,,,,,,,,
Pennsylvania,50000,2005,,,,,,,,,,,,,
Alabama A&M,100000,2005,,,,,,,,,,,,,
Bucknell,100000,2005,,,,,,,,,,,,,
Delaware State,100000,2005,,,,,,,,,,,,,
Fairleigh Dickinson,100000,2005,,,,,,,,,,,,,
Montana,100000,2005,,,,,,,,,,,,,
Niagara,100000,2005,,,,,,,,,,,,,
Oakland,100000,2005,,,,,,,,,,,,,
Southeast Louisiana,100000,2005,,,,,,,,,,,,,
Vermont,100000,2005,,,,,,,,,,,,,
Central Florida,500000,2005,,,,,,,,,,,,,
Chattanooga,500000,2005,,,,,,,,,,,,,
Eastern Kentucky,500000,2005,,,,,,,,,,,,,
Wintrop,500000,2005,,,,,,,,,,,,,
Connecticut,450,2004,,,,,,,,,,,,,
Duke,400,2004,,,,,,,,,,,,,
Oklahoma State,700,2004,,,,,,,,,,,,,
Georgia Tech,1000,2004,,,,,,,,,,,,,
Kentucky,350,2004,,,,,,,,,,,,,
Stanford,400,2004,,,,,,,,,,,,,
Gonzaga,700,2004,,,,,,,,,,,,,
Mississippi State,700,2004,,,,,,,,,,,,,
St Joseph's,900,2004,,,,,,,,,,,,,
Pittsburgh,1000,2004,,,,,,,,,,,,,
Wake Forest,1200,2004,,,,,,,,,,,,,
Maryland,1200,2004,,,,,,,,,,,,,
North Carolina,1500,2004,,,,,,,,,,,,,
NC State,1800,2004,,,,,,,,,,,,,
Kansas,2000,2004,,,,,,,,,,,,,
Florida,2500,2004,,,,,,,,,,,,,
Texas,2500,2004,,,,,,,,,,,,,
Illinois,3000,2004,,,,,,,,,,,,,
Wisconsin,3000,2004,,,,,,,,,,,,,
Arizona,4000,2004,,,,,,,,,,,,,
Cincinnati,4000,2004,,,,,,,,,,,,,
Syracuse,4000,2004,,,,,,,,,,,,,
Providence,4000,2004,,,,,,,,,,,,,
Michigan State,5000,2004,,,,,,,,,,,,,
Louisville,5000,2004,,,,,,,,,,,,,
Texas Tech,5000,2004,,,,,,,,,,,,,
Charlotte,5000,2004,,,,,,,,,,,,,
Xavier,5000,2004,,,,,,,,,,,,,
BYU,5000,2004,,,,,,,,,,,,,
Nevada,5000,2004,,,,,,,,,,,,,
DePaul,5000,2004,,,,,,,,,,,,,
Vanderbilt,5000,2004,,,,,,,,,,,,,
Western Michigan,5000,2004,,,,,,,,,,,,,
Memphis,7500,2004,,,,,,,,,,,,,
Seton Hall,7500,2004,,,,,,,,,,,,,
Alabama,7500,2004,,,,,,,,,,,,,
South Carolina,7500,2004,,,,,,,,,,,,,
Utah,7500,2004,,,,,,,,,,,,,
Boston College,7500,2004,,,,,,,,,,,,,
Dayton,7500,2004,,,,,,,,,,,,,
Illinois-Chicago,10000,2004,,,,,,,,,,,,,
Richmond,10000,2004,,,,,,,,,,,,,
Southern Illinois,10000,2004,,,,,,,,,,,,,
UAB,10000,2004,,,,,,,,,,,,,
Washington,10000,2004,,,,,,,,,,,,,
Manhattan,25000,2004,,,,,,,,,,,,,
Pacific,25000,2004,,,,,,,,,,,,,
UTEP,25000,2004,,,,,,,,,,,,,
Central Florida,50000,2004,,,,,,,,,,,,,
East Tennessee State,50000,2004,,,,,,,,,,,,,
Louisiana Lafayette,50000,2004,,,,,,,,,,,,,
Murray State,50000,2004,,,,,,,,,,,,,
Northern Iowa,50000,2004,,,,,,,,,,,,,
Princeton,50000,2004,,,,,,,,,,,,,
Air Force,75000,2004,,,,,,,,,,,,,
VCU,75000,2004,,,,,,,,,,,,,
Alabama State,100000,2004,,,,,,,,,,,,,
Florida A&M,100000,2004,,,,,,,,,,,,,
Lehigh,100000,2004,,,,,,,,,,,,,
Liberty,100000,2004,,,,,,,,,,,,,
Monmouth,100000,2004,,,,,,,,,,,,,
Texas San Antonio,100000,2004,,,,,,,,,,,,,
Vermont,100000,2004,,,,,,,,,,,,,
Eastern Washington,500000,2004,,,,,,,,,,,,,
Valparaiso,500000,2004,,,,,,,,,,,,,
Syracuse,1800,2003,,,,,,,,,,,,,
Texas,800,2003,,,,,,,,,,,,,
Kansas,700,2003,,,,,,,,,,,,,
Marquette,2200,2003,,,,,,,,,,,,,
Kentucky,250,2003,,,,,,,,,,,,,
Arizona,300,2003,,,,,,,,,,,,,
Oklahoma,600,2003,,,,,,,,,,,,,
Pittsburgh,1000,2003,,,,,,,,,,,,,
Duke,1500,2003,,,,,,,,,,,,,
Maryland,1800,2003,,,,,,,,,,,,,
Connecticut,2000,2003,,,,,,,,,,,,,
Notre Dame,2500,2003,,,,,,,,,,,,,
Michigan State,3000,2003,,,,,,,,,,,,,
Wisconsin,3500,2003,,,,,,,,,,,,,
Auburn,15000,2003,,,,,,,,,,,,,
Butler,25000,2003,,,,,,,,,,,,,
Florida,1200,2003,,,,,,,,,,,,,
Wake Forest,1500,2003,,,,,,,,,,,,,
Illinois,1800,2003,,,,,,,,,,,,,
Mississippi State,2000,2003,,,,,,,,,,,,,
Xavier,2500,2003,,,,,,,,,,,,,
Oregon,4000,2003,,,,,,,,,,,,,
Stanford,4000,2003,,,,,,,,,,,,,
Memphis,4000,2003,,,,,,,,,,,,,
LSU,4500,2003,,,,,,,,,,,,,
Missouri,5000,2003,,,,,,,,,,,,,
Oklahoma State,5000,2003,,,,,,,,,,,,,
Creighton,5000,2003,,,,,,,,,,,,,
St Joseph's,5000,2003,,,,,,,,,,,,,
Dayton,6000,2003,,,,,,,,,,,,,
Cincinnati,7500,2003,,,,,,,,,,,,,
Gonzaga,8000,2003,,,,,,,,,,,,,
California,8000,2003,,,,,,,,,,,,,
NC State,8000,2003,,,,,,,,,,,,,
Alabama,10000,2003,,,,,,,,,,,,,
Indiana,10000,2003,,,,,,,,,,,,,
Arizona State,10000,2003,,,,,,,,,,,,,
BYU,10000,2003,,,,,,,,,,,,,
Purdue,10000,2003,,,,,,,,,,,,,
Tulsa,10000,2003,,,,,,,,,,,,,
Pennsylvania,15000,2003,,,,,,,,,,,,,
Central Michigan,15000,2003,,,,,,,,,,,,,
Colorado,15000,2003,,,,,,,,,,,,,
Milwaukee,15000,2003,,,,,,,,,,,,,
Utah,17500,2003,,,,,,,,,,,,,
Southern Illinois,20000,2003,,,,,,,,,,,,,
Colorado State,25000,2003,,,,,,,,,,,,,
Holy Cross,25000,2003,,,,,,,,,,,,,
Weber State,25000,2003,,,,,,,,,,,,,
Western Kentucky,30000,2003,,,,,,,,,,,,,
Manhattan,30000,2003,,,,,,,,,,,,,
NC Wilmington,30000,2003,,,,,,,,,,,,,
San Diego,30000,2003,,,,,,,,,,,,,
Austin Peay,40000,2003,,,,,,,,,,,,,
Troy State,50000,2003,,,,,,,,,,,,,
Utah State,50000,2003,,,,,,,,,,,,,
East Tennessee State,75000,2003,,,,,,,,,,,,,
Sam Houston,100000,2003,,,,,,,,,,,,,
Wagner,100000,2003,,,,,,,,,,,,,
IUPUI,300000,2003,,,,,,,,,,,,,
South Carolina State,300000,2003,,,,,,,,,,,,,
Texas Southern,300000,2003,,,,,,,,,,,,,
UNC Ashville,300000,2003,,,,,,,,,,,,,
Vermont,300000,2003,,,,,,,,,,,,,
Houston,550,2023,,,,,,,,,,,,,
Kansas,800,2023,,,,,,,,,,,,,
Alabama,800,2023,,,,,,,,,,,,,
Purdue,1100,2023,,,,,,,,,,,,,
UCLA,1200,2023,,,,,,,,,,,,,
Arizona,1200,2023,,,,,,,,,,,,,
Texas,1600,2023,,,,,,,,,,,,,
Connecticut,1600,2023,,,,,,,,,,,,,
Gonzaga,1800,2023,,,,,,,,,,,,,
Baylor,1800,2023,,,,,,,,,,,,,
Marquette,2500,2023,,,,,,,,,,,,,
Duke,3000,2023,,,,,,,,,,,,,
Tennessee,3000,2023,,,,,,,,,,,,,
Indiana,3500,2023,,,,,,,,,,,,,
TCU,3500,2023,,,,,,,,,,,,,
Kentucky,4000,2023,,,,,,,,,,,,,
Virginia,4000,2023,,,,,,,,,,,,,
Creighton,4000,2023,,,,,,,,,,,,,
Saint Mary's (CA),4000,2023,,,,,,,,,,,,,
Arkansas,5000,2023,,,,,,,,,,,,,
Miami (FL),5000,2023,,,,,,,,,,,,,
Texas A&M,5000,2023,,,,,,,,,,,,,
Xavier,5000,2023,,,,,,,,,,,,,
Kansas State,5000,2023,,,,,,,,,,,,,
Iowa State,6600,2023,,,,,,,,,,,,,
Illinois,8000,2023,,,,,,,,,,,,,
San Diego State,8000,2023,,,,,,,,,,,,,
Maryland,8000,2023,,,,,,,,,,,,,
Auburn,10000,2023,,,,,,,,,,,,,
Michigan State,10000,2023,,,,,,,,,,,,,
Iowa,10000,2023,,,,,,,,,,,,,
Memphis,12500,2023,,,,,,,,,,,,,
West Virginia,12500,2023,,,,,,,,,,,,,
Providence,12500,2023,,,,,,,,,,,,,
Penn State,15000,2023,,,,,,,,,,,,,
N.C. State,15000,2023,,,,,,,,,,,,,
Northwestern,15000,2023,,,,,,,,,,,,,
USC,20000,2023,,,,,,,,,,,,,
Arizona State,20000,2023,,,,,,,,,,,,,
Utah State,20000,2023,,,,,,,,,,,,,
Boise State,20000,2023,,,,,,,,,,,,,
Missouri,20000,2023,,,,,,,,,,,,,
Pittsburgh,20000,2023,,,,,,,,,,,,,
Florida Atlantic,20000,2023,,,,,,,,,,,,,
VCU,25000,2023,,,,,,,,,,,,,
Oral Roberts,25000,2023,,,,,,,,,,,,,
College of Charleston,25000,2023,,,,,,,,,,,,,
Mississippi State,25000,2023,,,,,,,,,,,,,
Iona,50000,2023,,,,,,,,,,,,,
Drake,50000,2023,,,,,,,,,,,,,
Nevada,50000,2023,,,,,,,,,,,,,
Kent State,50000,2023,,,,,,,,,,,,,
Furman,50000,2023,,,,,,,,,,,,,
Louisiana,50000,2023,,,,,,,,,,,,,
UC Santa Barbara,100000,2023,,,,,,,,,,,,,
Vermont,100000,2023,,,,,,,,,,,,,
Colgate,100000,2023,,,,,,,,,,,,,
Howard,100000,2023,,,,,,,,,,,,,
Montana State,100000,2023,,,,,,,,,,,,,
Kennesaw State,100000,2023,,,,,,,,,,,,,
UNC Asheville,100000,2023,,,,,,,,,,,,,
Northern Kentucky,100000,2023,,,,,,,,,,,,,
Southeast Missouri State,100000,2023,,,,,,,,,,,,,
Farleigh Dickinson,100000,2023,,,,,,,,,,,,,
Texas A&M Corpus Christi,100000,2023,,,,,,,,,,,,,
Princeton,100000,2023,,,,,,,,,,,,,
Grand Canyon,100000,2023,,,,,,,,,,,,,